,Source,Target,weight
0,Addam-Marbrand,Jaime-Lannister,3
1,Addam-Marbrand,Tywin-Lannister,6
2,Aegon-I-Targaryen,Daenerys-Targaryen,5
3,Aegon-I-Targaryen,Eddard-Stark,4
4,Aemon-Targaryen-(Maester-Aemon),Alliser-Thorne,4
5,Aemon-Targaryen-(Maester-Aemon),Bowen-Marsh,4
6,Aemon-Targaryen-(Maester-Aemon),Chett,9
7,Aemon-Targaryen-(Maester-Aemon),Clydas,5
8,Aemon-Targaryen-(Maester-Aemon),Jeor-Mormont,13
9,Aemon-Targaryen-(Maester-Aemon),Jon-Snow,34
10,Aemon-Targaryen-(Maester-Aemon),Samwell-Tarly,5
11,Aerys-II-Targaryen,Brandon-Stark,4
12,Aerys-II-Targaryen,Eddard-Stark,10
13,Aerys-II-Targaryen,Gerold-Hightower,3
14,Aerys-II-Targaryen,Jaime-Lannister,5
15,Aerys-II-Targaryen,Jon-Arryn,3
16,Aerys-II-Targaryen,Robert-Baratheon,12
17,Aggo,Daenerys-Targaryen,11
18,Aggo,Drogo,6
19,Aggo,Jhogo,4
20,Aggo,Jorah-Mormont,5
21,Aggo,Quaro,3
22,Aggo,Rakharo,7
23,Albett,Halder,3
24,Albett,Jon-Snow,5
25,Albett,Rast,3
26,Alliser-Thorne,Bowen-Marsh,3
27,Alliser-Thorne,Grenn,3
28,Alliser-Thorne,Halder,4
29,Alliser-Thorne,Jeor-Mormont,10
30,Alliser-Thorne,Jon-Snow,32
31,Alliser-Thorne,Pypar,4
32,Alliser-Thorne,Rast,5
33,Alliser-Thorne,Samwell-Tarly,8
34,Alliser-Thorne,Tyrion-Lannister,7
35,Alyn,Eddard-Stark,11
36,Alyn,Harwin,6
37,Alyn,Jory-Cassel,8
38,Alyn,Robert-Baratheon,4
39,Alyn,Tomard,3
40,Arthur-Dayne,Gerold-Hightower,4
41,Arya-Stark,Benjen-Stark,3
42,Arya-Stark,Bran-Stark,14
43,Arya-Stark,Catelyn-Stark,5
44,Arya-Stark,Cersei-Lannister,12
45,Arya-Stark,Desmond,3
46,Arya-Stark,Eddard-Stark,30
47,Arya-Stark,Ilyn-Payne,5
48,Arya-Stark,Jeyne-Poole,10
49,Arya-Stark,Joffrey-Baratheon,39
50,Arya-Stark,Jon-Snow,37
51,Arya-Stark,Jory-Cassel,12
52,Arya-Stark,Meryn-Trant,4
53,Arya-Stark,Mordane,39
54,Arya-Stark,Mycah,18
55,Arya-Stark,Myrcella-Baratheon,13
56,Arya-Stark,Petyr-Baelish,3
57,Arya-Stark,Rickon-Stark,7
58,Arya-Stark,Robb-Stark,15
59,Arya-Stark,Robert-Baratheon,8
60,Arya-Stark,Rodrik-Cassel,3
61,Arya-Stark,Sandor-Clegane,7
62,Arya-Stark,Sansa-Stark,104
63,Arya-Stark,Syrio-Forel,20
64,Arya-Stark,Tomard,6
65,Arya-Stark,Tommen-Baratheon,5
66,Arya-Stark,Vayon-Poole,4
67,Arya-Stark,Yoren,4
68,Arys-Oakheart,Cersei-Lannister,3
69,Balon-Greyjoy,Eddard-Stark,3
70,Balon-Greyjoy,Robert-Baratheon,4
71,Balon-Swann,Renly-Baratheon,3
72,Balon-Swann,Sandor-Clegane,3
73,Barristan-Selmy,Boros-Blount,3
74,Barristan-Selmy,Cersei-Lannister,12
75,Barristan-Selmy,Eddard-Stark,28
76,Barristan-Selmy,Jaime-Lannister,4
77,Barristan-Selmy,Joffrey-Baratheon,6
78,Barristan-Selmy,Jon-Arryn,4
79,Barristan-Selmy,Meryn-Trant,3
80,Barristan-Selmy,Petyr-Baelish,7
81,Barristan-Selmy,Pycelle,8
82,Barristan-Selmy,Renly-Baratheon,13
83,Barristan-Selmy,Robert-Baratheon,40
84,Barristan-Selmy,Sandor-Clegane,3
85,Barristan-Selmy,Sansa-Stark,3
86,Barristan-Selmy,Varys,9
87,Benjen-Stark,Bran-Stark,6
88,Benjen-Stark,Cersei-Lannister,3
89,Benjen-Stark,Jaremy-Rykker,3
90,Benjen-Stark,Jeor-Mormont,9
91,Benjen-Stark,Jon-Snow,41
92,Benjen-Stark,Luwin,7
93,Benjen-Stark,Mance-Rayder,3
94,Benjen-Stark,Robb-Stark,7
95,Benjen-Stark,Robert-Baratheon,3
96,Benjen-Stark,Theon-Greyjoy,4
97,Benjen-Stark,Tyrion-Lannister,8
98,Benjen-Stark,Waymar-Royce,3
99,Benjen-Stark,Yoren,4
100,Beric-Dondarrion,Eddard-Stark,3
101,Beric-Dondarrion,Gregor-Clegane,6
102,Beric-Dondarrion,Loras-Tyrell,5
103,Beric-Dondarrion,Robert-Baratheon,5
104,Beric-Dondarrion,Sansa-Stark,4
105,Beric-Dondarrion,Thoros-of-Myr,5
106,Boros-Blount,Cersei-Lannister,9
107,Boros-Blount,Joffrey-Baratheon,3
108,Boros-Blount,Meryn-Trant,5
109,Boros-Blount,Sansa-Stark,6
110,Bowen-Marsh,Jeor-Mormont,8
111,Bowen-Marsh,Jon-Snow,10
112,Bowen-Marsh,Samwell-Tarly,3
113,Bran-Stark,Catelyn-Stark,18
114,Bran-Stark,Cersei-Lannister,6
115,Bran-Stark,Eddard-Stark,19
116,Bran-Stark,Hali,3
117,Bran-Stark,Hallis-Mollen,3
118,Bran-Stark,Hodor,29
119,Bran-Stark,Hullen,3
120,Bran-Stark,Jeor-Mormont,4
121,Bran-Stark,Joffrey-Baratheon,3
122,Bran-Stark,Jon-Arryn,7
123,Bran-Stark,Jon-Snow,56
124,Bran-Stark,Jory-Cassel,11
125,Bran-Stark,Joseth,4
126,Bran-Stark,Luwin,65
127,Bran-Stark,Nan,17
128,Bran-Stark,Osha,12
129,Bran-Stark,Petyr-Baelish,3
130,Bran-Stark,Renly-Baratheon,3
131,Bran-Stark,Rickard-Karstark,4
132,Bran-Stark,Rickard-Stark,4
133,Bran-Stark,Rickon-Stark,32
134,Bran-Stark,Robb-Stark,112
135,Bran-Stark,Robert-Baratheon,11
136,Bran-Stark,Rodrik-Cassel,6
137,Bran-Stark,Sansa-Stark,10
138,Bran-Stark,Stiv,4
139,Bran-Stark,Theon-Greyjoy,23
140,Bran-Stark,Tommen-Baratheon,5
141,Bran-Stark,Tyrion-Lannister,31
142,Bran-Stark,Yoren,3
143,Brandon-Stark,Eddard-Stark,11
144,Brandon-Stark,Lyanna-Stark,4
145,Brandon-Stark,Petyr-Baelish,14
146,Brandon-Stark,Rickard-Stark,3
147,Brandon-Stark,Robert-Baratheon,5
148,Bronn,Catelyn-Stark,6
149,Bronn,Chiggen,8
150,Bronn,Marillion,4
151,Bronn,Rodrik-Cassel,4
152,Bronn,Shae,3
153,Bronn,Shagga,3
154,Bronn,Tyrion-Lannister,61
155,Bronn,Tywin-Lannister,4
156,Bronn,Vardis-Egen,11
157,Bronn,Willis-Wode,5
158,Brynden-Tully,Catelyn-Stark,16
159,Brynden-Tully,Edmure-Tully,3
160,Brynden-Tully,Hoster-Tully,5
161,Brynden-Tully,Jaime-Lannister,7
162,Brynden-Tully,Lysa-Arryn,10
163,Brynden-Tully,Nestor-Royce,3
164,Brynden-Tully,Robb-Stark,9
165,Brynden-Tully,Theon-Greyjoy,6
166,Brynden-Tully,Tyrion-Lannister,4
167,Brynden-Tully,Tywin-Lannister,3
168,Brynden-Tully,Walder-Frey,3
169,Catelyn-Stark,Cersei-Lannister,12
170,Catelyn-Stark,Colemon,3
171,Catelyn-Stark,Donnel-Waynwood,3
172,Catelyn-Stark,Eddard-Stark,64
173,Catelyn-Stark,Edmure-Tully,7
174,Catelyn-Stark,Eon-Hunter,3
175,Catelyn-Stark,Hallis-Mollen,10
176,Catelyn-Stark,Hoster-Tully,6
177,Catelyn-Stark,Jaime-Lannister,9
178,Catelyn-Stark,Joffrey-Baratheon,4
179,Catelyn-Stark,Jon-Arryn,11
180,Catelyn-Stark,Jon-Snow,14
181,Catelyn-Stark,Jon-Umber-(Greatjon),4
182,Catelyn-Stark,Luwin,14
183,Catelyn-Stark,Lysa-Arryn,33
184,Catelyn-Stark,Marillion,6
185,Catelyn-Stark,Masha-Heddle,5
186,Catelyn-Stark,Moreo-Tumitis,3
187,Catelyn-Stark,Mya-Stone,9
188,Catelyn-Stark,Mychel-Redfort,3
189,Catelyn-Stark,Nestor-Royce,3
190,Catelyn-Stark,Petyr-Baelish,22
191,Catelyn-Stark,Rickard-Karstark,6
192,Catelyn-Stark,Rickon-Stark,3
193,Catelyn-Stark,Robb-Stark,49
194,Catelyn-Stark,Robert-Arryn,3
195,Catelyn-Stark,Robert-Baratheon,22
196,Catelyn-Stark,Rodrik-Cassel,25
197,Catelyn-Stark,Sansa-Stark,9
198,Catelyn-Stark,Stevron-Frey,5
199,Catelyn-Stark,Theon-Greyjoy,9
200,Catelyn-Stark,Tyrion-Lannister,49
201,Catelyn-Stark,Tytos-Blackwood,4
202,Catelyn-Stark,Tywin-Lannister,7
203,Catelyn-Stark,Vardis-Egen,5
204,Catelyn-Stark,Varys,10
205,Catelyn-Stark,Walder-Frey,13
206,Catelyn-Stark,Wendel-Manderly,3
207,Catelyn-Stark,Willis-Wode,5
208,Cayn,Eddard-Stark,7
209,Cayn,Renly-Baratheon,3
210,Cayn,Tomard,6
211,Cersei-Lannister,Eddard-Stark,69
212,Cersei-Lannister,Ilyn-Payne,4
213,Cersei-Lannister,Jaime-Lannister,16
214,Cersei-Lannister,Janos-Slynt,4
215,Cersei-Lannister,Joffrey-Baratheon,42
216,Cersei-Lannister,Jon-Arryn,7
217,Cersei-Lannister,Jon-Snow,4
218,Cersei-Lannister,Jory-Cassel,5
219,Cersei-Lannister,Meryn-Trant,4
220,Cersei-Lannister,Mordane,3
221,Cersei-Lannister,Myrcella-Baratheon,7
222,Cersei-Lannister,Petyr-Baelish,13
223,Cersei-Lannister,Pycelle,9
224,Cersei-Lannister,Renly-Baratheon,5
225,Cersei-Lannister,Robert-Baratheon,72
226,Cersei-Lannister,Sandor-Clegane,5
227,Cersei-Lannister,Sansa-Stark,29
228,Cersei-Lannister,Stannis-Baratheon,5
229,Cersei-Lannister,Tommen-Baratheon,4
230,Cersei-Lannister,Tyrion-Lannister,27
231,Cersei-Lannister,Tywin-Lannister,10
232,Cersei-Lannister,Varys,19
233,Cersei-Lannister,Vayon-Poole,4
234,Chella,Tyrion-Lannister,5
235,Chett,Jon-Snow,4
236,Chett,Samwell-Tarly,6
237,Chiggen,Tyrion-Lannister,5
238,Chiggen,Willis-Wode,3
239,Clement-Piper,Karyl-Vance,4
240,Cohollo,Daenerys-Targaryen,7
241,Cohollo,Drogo,9
242,Cohollo,Haggo,7
243,Cohollo,Qotho,6
244,Colemon,Vardis-Egen,4
245,Conn,Coratt,5
246,Conn,Shagga,9
247,Conn,Tyrion-Lannister,6
248,Daenerys-Targaryen,Doreah,15
249,Daenerys-Targaryen,Drogo,101
250,Daenerys-Targaryen,Eddard-Stark,5
251,Daenerys-Targaryen,Eroeh,5
252,Daenerys-Targaryen,Haggo,12
253,Daenerys-Targaryen,Illyrio-Mopatis,24
254,Daenerys-Targaryen,Irri,25
255,Daenerys-Targaryen,Jhiqui,26
256,Daenerys-Targaryen,Jhogo,17
257,Daenerys-Targaryen,Jorah-Mormont,75
258,Daenerys-Targaryen,Mirri-Maz-Duur,31
259,Daenerys-Targaryen,Qotho,18
260,Daenerys-Targaryen,Quaro,5
261,Daenerys-Targaryen,Rakharo,4
262,Daenerys-Targaryen,Rhaegar-Targaryen,4
263,Daenerys-Targaryen,Robert-Baratheon,11
264,Daenerys-Targaryen,Varys,5
265,Daenerys-Targaryen,Viserys-Targaryen,37
266,Danwell-Frey,Hosteen-Frey,3
267,Danwell-Frey,Jared-Frey,3
268,Danwell-Frey,Walder-Frey,3
269,Dareon,Jon-Snow,6
270,Daryn-Hornwood,Eddard-Stark,3
271,Daryn-Hornwood,Torrhen-Karstark,3
272,Desmond,Eddard-Stark,4
273,Dolf,Shagga,7
274,Donal-Noye,Jon-Snow,7
275,Doreah,Drogo,5
276,Doreah,Irri,14
277,Doreah,Jhiqui,11
278,Doreah,Jorah-Mormont,3
279,Doreah,Viserys-Targaryen,3
280,Drogo,Haggo,9
281,Drogo,Illyrio-Mopatis,16
282,Drogo,Irri,9
283,Drogo,Jhiqui,5
284,Drogo,Jhogo,7
285,Drogo,Jommo,3
286,Drogo,Jorah-Mormont,16
287,Drogo,Mirri-Maz-Duur,12
288,Drogo,Ogo,11
289,Drogo,Qotho,13
290,Drogo,Quaro,3
291,Drogo,Rakharo,4
292,Drogo,Rhaego,5
293,Drogo,Robert-Baratheon,3
294,Drogo,Viserys-Targaryen,19
295,Dywen,Jon-Snow,4
296,Eddard-Stark,Edmure-Tully,3
297,Eddard-Stark,Galbart-Glover,4
298,Eddard-Stark,Gendry,3
299,Eddard-Stark,Gerold-Hightower,3
300,Eddard-Stark,Gregor-Clegane,10
301,Eddard-Stark,Harwin,5
302,Eddard-Stark,High-Septon-(fat_one),4
303,Eddard-Stark,Howland-Reed,3
304,Eddard-Stark,Ilyn-Payne,6
305,Eddard-Stark,Jacks,4
306,Eddard-Stark,Jaime-Lannister,27
307,Eddard-Stark,Janos-Slynt,4
308,Eddard-Stark,Joffrey-Baratheon,26
309,Eddard-Stark,Jon-Arryn,47
310,Eddard-Stark,Jon-Snow,38
311,Eddard-Stark,Jory-Cassel,32
312,Eddard-Stark,Joss,5
313,Eddard-Stark,Loras-Tyrell,12
314,Eddard-Stark,Luwin,16
315,Eddard-Stark,Lyanna-Stark,19
316,Eddard-Stark,Lysa-Arryn,12
317,Eddard-Stark,Marq-Piper,3
318,Eddard-Stark,Mordane,11
319,Eddard-Stark,Mycah,3
320,Eddard-Stark,Petyr-Baelish,81
321,Eddard-Stark,Porther,4
322,Eddard-Stark,Pycelle,33
323,Eddard-Stark,Raymun-Darry,4
324,Eddard-Stark,Renly-Baratheon,33
325,Eddard-Stark,Rhaegar-Targaryen,10
326,Eddard-Stark,Rickard-Karstark,4
327,Eddard-Stark,Rickon-Stark,4
328,Eddard-Stark,Robb-Stark,16
329,Eddard-Stark,Robert-Baratheon,291
330,Eddard-Stark,Rodrik-Cassel,7
331,Eddard-Stark,Sandor-Clegane,10
332,Eddard-Stark,Sansa-Stark,34
333,Eddard-Stark,Stannis-Baratheon,18
334,Eddard-Stark,Syrio-Forel,6
335,Eddard-Stark,Theon-Greyjoy,5
336,Eddard-Stark,Tobho-Mott,7
337,Eddard-Stark,Tomard,15
338,Eddard-Stark,Torrhen-Karstark,5
339,Eddard-Stark,Tregar,4
340,Eddard-Stark,Tyrion-Lannister,21
341,Eddard-Stark,Tywin-Lannister,18
342,Eddard-Stark,Varly,4
343,Eddard-Stark,Varys,61
344,Eddard-Stark,Vayon-Poole,12
345,Eddard-Stark,Wyl-(guard),3
346,Eddard-Stark,Wylla,3
347,Edmure-Tully,Hoster-Tully,7
348,Edmure-Tully,Jaime-Lannister,4
349,Edmure-Tully,Karyl-Vance,4
350,Edmure-Tully,Lysa-Arryn,5
351,Edmure-Tully,Marq-Piper,3
352,Edmure-Tully,Petyr-Baelish,4
353,Edmure-Tully,Robb-Stark,5
354,Edmure-Tully,Tytos-Blackwood,3
355,Eon-Hunter,Lysa-Arryn,3
356,Eon-Hunter,Vardis-Egen,3
357,Fogo,Ogo,4
358,Galbart-Glover,Jaime-Lannister,3
359,Galbart-Glover,Jon-Umber-(Greatjon),4
360,Galbart-Glover,Rickard-Karstark,4
361,Galbart-Glover,Robb-Stark,5
362,Galbart-Glover,Roose-Bolton,3
363,Gared,Jeor-Mormont,4
364,Gared,Waymar-Royce,13
365,Gared,Will-(prologue),12
366,Gerold-Hightower,Oswell-Whent,3
367,Gerold-Hightower,Robert-Baratheon,4
368,Gregor-Clegane,Jaime-Lannister,3
369,Gregor-Clegane,Loras-Tyrell,10
370,Gregor-Clegane,Marq-Piper,6
371,Gregor-Clegane,Petyr-Baelish,3
372,Gregor-Clegane,Pycelle,3
373,Gregor-Clegane,Robert-Baratheon,4
374,Gregor-Clegane,Sandor-Clegane,11
375,Gregor-Clegane,Sansa-Stark,5
376,Gregor-Clegane,Tyrion-Lannister,7
377,Gregor-Clegane,Tywin-Lannister,6
378,Grenn,Halder,6
379,Grenn,Jeor-Mormont,3
380,Grenn,Jon-Snow,31
381,Grenn,Pypar,27
382,Grenn,Samwell-Tarly,8
383,Grenn,Todder,7
384,Gunthor-son-of-Gurn,Tyrion-Lannister,7
385,Haggo,Mirri-Maz-Duur,3
386,Haggo,Qotho,11
387,Haggo,Rakharo,3
388,Halder,Jon-Snow,23
389,Halder,Pypar,8
390,Halder,Rast,3
391,Halder,Samwell-Tarly,6
392,Halder,Todder,3
393,Hallis-Mollen,Luwin,4
394,Hallis-Mollen,Robb-Stark,13
395,Hallis-Mollen,Theon-Greyjoy,7
396,Harwin,Hullen,3
397,Harwin,Jory-Cassel,4
398,Harys-Swyft,Jaime-Lannister,3
399,Heward,Jory-Cassel,5
400,Heward,Wyl-(guard),3
401,High-Septon-(fat_one),Joffrey-Baratheon,4
402,Hobb,Jon-Snow,5
403,Hodor,Luwin,10
404,Hodor,Nan,8
405,Hodor,Robb-Stark,5
406,Hosteen-Frey,Jared-Frey,3
407,Hoster-Tully,Lysa-Arryn,3
408,Hoster-Tully,Robert-Baratheon,3
409,Hugh,Jon-Arryn,3
410,Hullen,Jory-Cassel,5
411,Hullen,Luwin,3
412,Hullen,Robb-Stark,3
413,Hullen,Rodrik-Cassel,3
414,Illyrio-Mopatis,Irri,3
415,Illyrio-Mopatis,Jorah-Mormont,7
416,Illyrio-Mopatis,Robert-Baratheon,6
417,Illyrio-Mopatis,Viserys-Targaryen,14
418,Ilyn-Payne,Jeyne-Poole,3
419,Ilyn-Payne,Joffrey-Baratheon,4
420,Ilyn-Payne,Loras-Tyrell,3
421,Ilyn-Payne,Robert-Baratheon,4
422,Ilyn-Payne,Sansa-Stark,9
423,Ilyn-Payne,Varys,5
424,Irri,Jhiqui,14
425,Irri,Jhogo,7
426,Irri,Jorah-Mormont,4
427,Irri,Viserys-Targaryen,5
428,Jafer-Flowers,Jaremy-Rykker,3
429,Jaime-Lannister,Joffrey-Baratheon,12
430,Jaime-Lannister,Jon-Arryn,5
431,Jaime-Lannister,Jory-Cassel,4
432,Jaime-Lannister,Kevan-Lannister,4
433,Jaime-Lannister,Loras-Tyrell,3
434,Jaime-Lannister,Lysa-Arryn,6
435,Jaime-Lannister,Petyr-Baelish,7
436,Jaime-Lannister,Renly-Baratheon,4
437,Jaime-Lannister,Rickard-Karstark,3
438,Jaime-Lannister,Robb-Stark,9
439,Jaime-Lannister,Robert-Baratheon,24
440,Jaime-Lannister,Rodrik-Cassel,3
441,Jaime-Lannister,Sandor-Clegane,12
442,Jaime-Lannister,Sansa-Stark,3
443,Jaime-Lannister,Tyrion-Lannister,36
444,Jaime-Lannister,Tywin-Lannister,16
445,Jaime-Lannister,Varys,3
446,Jaime-Lannister,Wyl-(guard),3
447,Janos-Slynt,Joffrey-Baratheon,4
448,Janos-Slynt,Petyr-Baelish,3
449,Janos-Slynt,Pycelle,3
450,Janos-Slynt,Robert-Baratheon,4
451,Janos-Slynt,Sansa-Stark,3
452,Jaremy-Rykker,Jeor-Mormont,11
453,Jaremy-Rykker,Jon-Snow,7
454,Jeor-Mormont,Jon-Snow,81
455,Jeor-Mormont,Robert-Baratheon,4
456,Jeor-Mormont,Samwell-Tarly,8
457,Jeor-Mormont,Tyrion-Lannister,23
458,Jeor-Mormont,Yoren,3
459,Jeyne-Poole,Loras-Tyrell,4
460,Jeyne-Poole,Mordane,7
461,Jeyne-Poole,Robert-Baratheon,3
462,Jeyne-Poole,Sansa-Stark,27
463,Jhiqui,Jorah-Mormont,4
464,Jhogo,Jorah-Mormont,5
465,Jhogo,Mirri-Maz-Duur,3
466,Joffrey-Baratheon,Jon-Snow,10
467,Joffrey-Baratheon,Loras-Tyrell,3
468,Joffrey-Baratheon,Meryn-Trant,3
469,Joffrey-Baratheon,Mordane,9
470,Joffrey-Baratheon,Mycah,14
471,Joffrey-Baratheon,Myrcella-Baratheon,5
472,Joffrey-Baratheon,Petyr-Baelish,11
473,Joffrey-Baratheon,Pycelle,4
474,Joffrey-Baratheon,Renly-Baratheon,9
475,Joffrey-Baratheon,Robb-Stark,19
476,Joffrey-Baratheon,Robert-Baratheon,30
477,Joffrey-Baratheon,Rodrik-Cassel,9
478,Joffrey-Baratheon,Sandor-Clegane,24
479,Joffrey-Baratheon,Sansa-Stark,87
480,Joffrey-Baratheon,Stannis-Baratheon,7
481,Joffrey-Baratheon,Tommen-Baratheon,8
482,Joffrey-Baratheon,Tyrion-Lannister,13
483,Joffrey-Baratheon,Tywin-Lannister,3
484,Joffrey-Baratheon,Varys,7
485,Jommo,Ogo,3
486,Jon-Arryn,Lysa-Arryn,12
487,Jon-Arryn,Petyr-Baelish,4
488,Jon-Arryn,Pycelle,11
489,Jon-Arryn,Robert-Baratheon,32
490,Jon-Arryn,Stannis-Baratheon,13
491,Jon-Arryn,Tyrion-Lannister,5
492,Jon-Arryn,Varys,5
493,Jon-Snow,Jory-Cassel,3
494,Jon-Snow,Luwin,10
495,Jon-Snow,Matthar,3
496,Jon-Snow,Mordane,4
497,Jon-Snow,Othor,5
498,Jon-Snow,Pypar,45
499,Jon-Snow,Rast,8
500,Jon-Snow,Rickon-Stark,11
501,Jon-Snow,Robb-Stark,53
502,Jon-Snow,Robert-Baratheon,18
503,Jon-Snow,Rodrik-Cassel,3
504,Jon-Snow,Samwell-Tarly,81
505,Jon-Snow,Sansa-Stark,8
506,Jon-Snow,Theon-Greyjoy,8
507,Jon-Snow,Todder,13
508,Jon-Snow,Tyrion-Lannister,56
509,Jon-Snow,Yoren,6
510,Jon-Umber-(Greatjon),Maege-Mormont,5
511,Jon-Umber-(Greatjon),Rickard-Karstark,7
512,Jon-Umber-(Greatjon),Robb-Stark,8
513,Jon-Umber-(Greatjon),Roose-Bolton,3
514,Jon-Umber-(Greatjon),Theon-Greyjoy,5
515,Jon-Umber-(Greatjon),Tywin-Lannister,3
516,Jonos-Bracken,Tytos-Blackwood,3
517,Jorah-Mormont,Mirri-Maz-Duur,5
518,Jorah-Mormont,Qotho,7
519,Jorah-Mormont,Rhaegar-Targaryen,5
520,Jorah-Mormont,Robert-Baratheon,3
521,Jorah-Mormont,Viserys-Targaryen,15
522,Jory-Cassel,Mordane,3
523,Jory-Cassel,Petyr-Baelish,8
524,Jory-Cassel,Robb-Stark,9
525,Jory-Cassel,Robert-Baratheon,7
526,Jory-Cassel,Rodrik-Cassel,5
527,Jory-Cassel,Sansa-Stark,9
528,Jory-Cassel,Stannis-Baratheon,3
529,Jory-Cassel,Theon-Greyjoy,3
530,Jory-Cassel,Tomard,5
531,Jory-Cassel,Vayon-Poole,5
532,Jory-Cassel,Wyl-(guard),6
533,Joseth,Luwin,3
534,Jyck,Morrec,5
535,Jyck,Tyrion-Lannister,6
536,Karyl-Vance,Marq-Piper,3
537,Kevan-Lannister,Tyrion-Lannister,15
538,Kevan-Lannister,Tywin-Lannister,9
539,Kurleket,Tyrion-Lannister,5
540,Lancel-Lannister,Robert-Baratheon,3
541,Leo-Lefford,Tyrion-Lannister,4
542,Loras-Tyrell,Mace-Tyrell,3
543,Loras-Tyrell,Petyr-Baelish,5
544,Loras-Tyrell,Renly-Baratheon,5
545,Loras-Tyrell,Robert-Baratheon,4
546,Loras-Tyrell,Rodrik-Cassel,3
547,Loras-Tyrell,Sandor-Clegane,4
548,Loras-Tyrell,Sansa-Stark,14
549,Luwin,Nan,4
550,Luwin,Osha,16
551,Luwin,Rickard-Karstark,3
552,Luwin,Rickon-Stark,9
553,Luwin,Robb-Stark,20
554,Luwin,Rodrik-Cassel,3
555,Luwin,Theon-Greyjoy,10
556,Luwin,Tommen-Baratheon,3
557,Luwin,Tyrion-Lannister,10
558,Lyanna-Stark,Robert-Baratheon,9
559,Lyanna-Stark,Sansa-Stark,4
560,Lyn-Corbray,Lysa-Arryn,3
561,Lysa-Arryn,Petyr-Baelish,4
562,Lysa-Arryn,Robert-Arryn,8
563,Lysa-Arryn,Robert-Baratheon,5
564,Lysa-Arryn,Stannis-Baratheon,4
565,Lysa-Arryn,Tyrion-Lannister,25
566,Lysa-Arryn,Vardis-Egen,5
567,Mace-Tyrell,Paxter-Redwyne,3
568,Maege-Mormont,Rickard-Karstark,3
569,Maegor-I-Targaryen,Sansa-Stark,4
570,Marillion,Rodrik-Cassel,5
571,Marillion,Tyrion-Lannister,10
572,Marillion,Willis-Wode,4
573,Marq-Piper,Tywin-Lannister,3
574,Meryn-Trant,Robert-Baratheon,3
575,Meryn-Trant,Sandor-Clegane,4
576,Meryn-Trant,Sansa-Stark,5
577,Meryn-Trant,Syrio-Forel,5
578,Mirri-Maz-Duur,Qotho,9
579,Mord,Tyrion-Lannister,20
580,Mordane,Myrcella-Baratheon,12
581,Mordane,Petyr-Baelish,3
582,Mordane,Robert-Baratheon,7
583,Mordane,Sansa-Stark,43
584,Morrec,Tyrion-Lannister,5
585,Mycah,Sandor-Clegane,5
586,Mycah,Sansa-Stark,10
587,Myrcella-Baratheon,Robert-Baratheon,3
588,Myrcella-Baratheon,Sansa-Stark,8
589,Myrcella-Baratheon,Tommen-Baratheon,6
590,Nan,Robb-Stark,4
591,Osha,Robb-Stark,3
592,Petyr-Baelish,Pycelle,14
593,Petyr-Baelish,Renly-Baratheon,12
594,Petyr-Baelish,Robert-Baratheon,30
595,Petyr-Baelish,Rodrik-Cassel,7
596,Petyr-Baelish,Sandor-Clegane,3
597,Petyr-Baelish,Sansa-Stark,8
598,Petyr-Baelish,Tomard,4
599,Petyr-Baelish,Tyrion-Lannister,11
600,Petyr-Baelish,Varys,29
601,Pycelle,Renly-Baratheon,7
602,Pycelle,Robert-Baratheon,26
603,Pycelle,Sansa-Stark,8
604,Pycelle,Stannis-Baratheon,3
605,Pycelle,Tywin-Lannister,4
606,Pycelle,Varys,17
607,Pypar,Rast,4
608,Pypar,Samwell-Tarly,11
609,Pypar,Todder,8
610,Qotho,Quaro,4
611,Quaro,Rakharo,6
612,Randyll-Tarly,Samwell-Tarly,5
613,Rast,Samwell-Tarly,3
614,Raymun-Darry,Robert-Baratheon,8
615,Renly-Baratheon,Robb-Stark,3
616,Renly-Baratheon,Robert-Baratheon,42
617,Renly-Baratheon,Sandor-Clegane,7
618,Renly-Baratheon,Sansa-Stark,5
619,Renly-Baratheon,Stannis-Baratheon,19
620,Renly-Baratheon,Tyrion-Lannister,4
621,Renly-Baratheon,Varys,9
622,Rhaegar-Targaryen,Robert-Baratheon,22
623,Rhaegar-Targaryen,Sansa-Stark,3
624,Rhaegar-Targaryen,Tywin-Lannister,4
625,Rhaegar-Targaryen,Viserys-Targaryen,5
626,Rickard-Karstark,Robb-Stark,9
627,Rickard-Karstark,Roose-Bolton,3
628,Rickon-Stark,Robb-Stark,20
629,Rickon-Stark,Sansa-Stark,8
630,Rickon-Stark,Tyrion-Lannister,4
631,Robb-Stark,Robert-Baratheon,6
632,Robb-Stark,Rodrik-Cassel,15
633,Robb-Stark,Roose-Bolton,6
634,Robb-Stark,Samwell-Tarly,4
635,Robb-Stark,Sansa-Stark,13
636,Robb-Stark,Stiv,3
637,Robb-Stark,Theon-Greyjoy,37
638,Robb-Stark,Torrhen-Karstark,3
639,Robb-Stark,Tyrion-Lannister,11
640,Robb-Stark,Tywin-Lannister,9
641,Robb-Stark,Walder-Frey,7
642,Robb-Stark,Wendel-Manderly,3
643,Robb-Stark,Yoren,3
644,Robert-Arryn,Tyrion-Lannister,9
645,Robert-Baratheon,Sandor-Clegane,9
646,Robert-Baratheon,Sansa-Stark,26
647,Robert-Baratheon,Stannis-Baratheon,21
648,Robert-Baratheon,Tommen-Baratheon,3
649,Robert-Baratheon,Tyrion-Lannister,18
650,Robert-Baratheon,Tywin-Lannister,13
651,Robert-Baratheon,Varys,36
652,Robert-Baratheon,Vayon-Poole,3
653,Robert-Baratheon,Viserys-Targaryen,7
654,Rodrik-Cassel,Theon-Greyjoy,6
655,Rodrik-Cassel,Tyrion-Lannister,10
656,Rodrik-Cassel,Willis-Wode,7
657,Roose-Bolton,Tywin-Lannister,4
658,Sandor-Clegane,Sansa-Stark,23
659,Sandor-Clegane,Tyrion-Lannister,5
660,Sansa-Stark,Stannis-Baratheon,3
661,Sansa-Stark,Tomard,3
662,Sansa-Stark,Tyrion-Lannister,3
663,Sansa-Stark,Varys,4
664,Shae,Tyrion-Lannister,12
665,Shagga,Timett,4
666,Shagga,Tyrion-Lannister,17
667,Shagga,Ulf-son-of-Umar,4
668,Stannis-Baratheon,Tywin-Lannister,4
669,Stannis-Baratheon,Varys,5
670,Stevron-Frey,Walder-Frey,3
671,Theon-Greyjoy,Tyrion-Lannister,3
672,Theon-Greyjoy,Tywin-Lannister,3
673,Theon-Greyjoy,Walder-Frey,4
674,Timett,Tyrion-Lannister,3
675,Tommen-Baratheon,Tyrion-Lannister,3
676,Tyrion-Lannister,Tywin-Lannister,40
677,Tyrion-Lannister,Vardis-Egen,9
678,Tyrion-Lannister,Varys,3
679,Tyrion-Lannister,Willis-Wode,4
680,Tyrion-Lannister,Yoren,10
681,Tywin-Lannister,Varys,4
682,Tywin-Lannister,Walder-Frey,8
683,Waymar-Royce,Will-(prologue),18
